<?xml version="1.0" encoding="UTF-8"?>
<settings xmlns="http://maven.apache.org/SETTINGS/1.0.0" xmlns:xsi="http://www.w3.org/2001/XMLSchema-instance" xsi:schemaLocation="http://maven.apache.org/SETTINGS/1.0.0 http://maven.apache.org/xsd/settings-1.0.0.xsd">

<servers>
    <server>
        <id>mobile-platform-snapshots</id>
        <username>Mobile_Admin</username>
        <password>M0b1l1ty</password>
    </server>
    <server>
        <id>mobile-platform-releases</id>
        <username>Mobile_Admin</username>
        <password>M0b1l1ty</password>
    </server>
</servers>

<mirrors>
    <mirror>
        <url>http://cfs-nexus.kohls.com:8080/content/groups/public</url>
        <mirrorOf>*</mirrorOf>
    </mirror>
    <mirror>
        <url>http://mobile-nexus.kohls.com:8080/content/groups/public</url>
        <mirrorOf>*</mirrorOf>
    </mirror>
</mirrors>

<profiles>
    <profile>
        <id>kohls-nexus</id>
        <repositories>
            <repository>
                <id>nexus</id>
                <url>http://cfs-nexus.kohls.com:8080/content/groups/public</url>
                <releases>
                <enabled>true</enabled>
                </releases>
                <snapshots>
                <enabled>true</enabled>
                </snapshots>
            </repository>
            <repository>
                <id>nexus-snapshots</id>
                <url>http://cfs-nexus.kohls.com:8080/content/groups/public</url>
                <releases>
                <enabled>false</enabled>
                </releases>
                <snapshots>
                <enabled>true</enabled>
                </snapshots>
            </repository>
            <repository>    
                <id>nexus-upload</id>
                <url>http://mobile-nexus.kohls.com:8080/content/groups/public</url>
                <releases>
                    <enabled>true</enabled>
                </releases>
                <snapshots>
                    <enabled>true</enabled>
                </snapshots>
            </repository>
        </repositories>
        <pluginRepositories></pluginRepositories>
        <properties>
            <java.14.home>${java.16.home}</java.14.home>
            <java.15.home>${java.16.home}</java.15.home>
            <java.16.home>${java.16.home}</java.16.home>
        </properties>
   </profile>
</profiles>
</settings>
